<?xml version="1.0" encoding="UTF-8"?>
<addon id="skin.aeon.speed" version="1.0.3" name="Aeon:Speed" provider-name="Speed Skins">
	<requires>
		<import addon="script.skin.helper.colorpicker" version="1.0.12" />
		<import addon="xbmc.gui" version="5.15.0" />
		<import addon="script.skinshortcuts" version="1.0.10" />
		<import addon="service.library.data.provider" version="0.0.7" />
		<import addon="script.grab.fanart" version="0.12.8" />
	</requires>
	<extension point="xbmc.gui.skin" debugging="false">
		<res width="1920" height="1080" aspect="16:9" default="true" folder="16x9" />
	</extension>
	<extension point="xbmc.addon.metadata">
		<summary lang="en_US">Skin mod by Speed Skins</summary>
		<description lang="en_US">Fork of Aeon Nox SiLVO</description>
		<platform>all</platform>
		<license>CC BY-NC-SA 4.0</license>
		<assets>
			<icon>icon.png</icon>
			<fanart>fanart.jpg</fanart>
		</assets>
		<news>[COLOR red][I]v1.0.3[/I][/COLOR][COLOR blue][CR]-Fix Apps left panel scroll bar for Android OS.[CR]-Fix OSD Sider.[CR]-Fix default_settings backgrounds.[CR][COLOR red][I]v1.0.2[/I][/COLOR][COLOR blue][CR]-Added default Favs submenu authorize for resolvers and trakt.  Added default zip and repo install.[CR]-Fix PVR video window.[CR]-Added "Make It Snow" option.[CR]-Changed font, added 3D label, and shadow color to main menu labels.[CR]-Fixed Apps right panel scroll bar.[CR]-Added extra icons for menu. Adjusted vert and horz icons and labels.[CR]-Removed xbt files from media.[/COLOR][COLOR grey][CR][I]v1.0.1[/I][CR]-Moved debug grid image to backgrounds folder so special source not required.[CR]-Added an optional widget 2 slide up for compact panel when in center position.[CR]-Fixed widget 2 glow and made panel and glow there own options.[CR]-Add the png for the time line bar in the new pvr[CR]-Fix supported addons view.[CR][I]v1.0.0[/I][CR]-Release to repo.[CR]http://zadarbuild.com.hr/repo/ [/COLOR][CR]</news>
	</extension>
</addon>