<?xml version="1.0" encoding="UTF-8" standalone="yes"?>
<addon id="plugin.program.BoongoTV.Wizard" name="[COLOR mediumblue][B]BoongoTV[/B][/COLOR] [COLOR red][B]Wizard[/B][/COLOR]" version="0.0.2" provider-name="[COLOR gold][B]ElectricalForce[/B][/COLOR]">
    <requires>
        <import addon="xbmc.python" version="3.0.0" />
        <import addon="script.module.requests" />
        <import addon="script.module.six" />
        <import addon="script.kodi.android.update" optional="true" version="1.1.7" />
        <import addon="script.speedtester" optional="true" version="1.1.2" />
    </requires>
    
    <extension point="xbmc.python.pluginsource" library="default.py">
        <provides>executable</provides>
    </extension>
    
    <extension point="xbmc.service" library="startup.py" start="startup" />
    
    <extension point="xbmc.addon.metadata">
        <summary lang="en">[COLOR mediumblue][B]BoongoTV[/COLOR] [COLOR red]Wizard[/COLOR]]</summary>
        <description lang="en">[COLOR gold]The Future Of Home Entertainment[/COLOR][CR]Kodi Repository for [COLOR steelblue]BoongoTV[/COLOR][CR][COLOR gold][B]ElectricalForce[/B][/COLOR] [COLOR white]Repo[/COLOR] allows you to install the BoongoTV WIZARD where you can get access to the latest BoongoTV Custom Builds and more.</description>
        <platform>all</platform>
        <reuselanguageinvoker>false</reuselanguageinvoker>
        <source>http://electricalforce.eu</source>
        <news>
        </news>
        <assets>
            <icon>icon.png</icon>
            <fanart>fanart.jpg</fanart>
        </assets>
    </extension>
</addon>