<?xml version="1.0" encoding="UTF-8"?>
<window>
	<defaultcontrol always="true">50</defaultcontrol>
	<onload>SetProperty(Window.HasSettings,True,Home)</onload>
	<onload>ClearProperty(MediaMenu,Home)</onload>
	<onunload>ClearProperty(MediaMenu,Home)</onunload>
	<onunload>ClearProperty(Window.HasSettings,Home)</onunload>
	<views>50</views>
	<menucontrol>9051</menucontrol>
	<controls>
		<include>CommonBackground</include>
		<control type="group">
			<description>Recordings group</description>
			<include>WindowOpenCloseAnimation</include>
			<include>ViewAnimation</include>
			<left>60</left>
			<top>-100</top>
			
			<control type="group">
				<animation effect="rotatey" start="0" end="-15" time="600" loop="false" center="0,150" condition="!Skin.HasSetting(3DViews)">Conditional</animation>
				<control type="image">
					<left>-32</left>
					<top>148</top>
					<width>1084</width>
					<height>904</height>
					<texture colordiffuse="E6FFFFFF" border="40">listpanel_back.png</texture>
				</control>
				<control type="image">
					<left>-32</left>
					<top>148</top>
					<width>1084</width>
					<height>904</height>
					<texture colordiffuse="$VAR[ThemeLabelColor]" border="40">listpanel_back.png</texture>
					<visible>!Skin.HasSetting(Glow)</visible>
				</control>
				<control type="scrollbar" id="72">
					<left>1042</left>
					<top>32</top>
					<width>14</width>
					<height>840</height>
					<onleft>50</onleft>
					<onright>SetProperty(MediaMenu,True,Home)</onright>
					<onright>SetFocus(9050)</onright>
					<texturesliderbackground />
					<texturesliderbar colordiffuse="80FFFFFF" border="1">scrollbar/texturesliderbar2.png</texturesliderbar>
					<texturesliderbarfocus border="1">scrollbar/texturesliderbar2.png</texturesliderbarfocus>
					<showonepage>false</showonepage>
				</control>
				<control type="list" id="50">
					<top>180</top>
					<width>1020</width>
					<height>840</height>
					<onleft>SetProperty(MediaMenu,True,Home)</onleft>
					<onleft>SetFocus(9050)</onleft>
					<onright>72</onright>
					<onup>50</onup>
					<ondown>50</ondown>
					<viewtype label="535">list</viewtype>
					<pagecontrol>72</pagecontrol>
					<scrolltime tween="quadratic">200</scrolltime>
					<itemlayout height="60" width="1140">
						<control type="image">
							<left>-15</left>
							<top>4</top>
							<width>105</width>
							<height>52</height>
							<aspectratio>keep</aspectratio>
							<texture background="true" fallback="DefaultVideo.png">$INFO[ListItem.Icon]</texture>
						</control>
						<control type="label">
							<left>90</left>
							<top>12</top>
							<width>860</width>
							<height>35</height>
							<font>font15</font>
							<textcolor>grey2</textcolor>
							<label>$VAR[EpisodeCountVar,, - ]$INFO[ListItem.Label]</label>
						</control>
						<control type="image">
							<left>946</left>
							<width>64</width>
							<height>64</height>
							<aspectratio>keep</aspectratio>
							<texture>$VAR[ListItem.Overlay]</texture>
						</control>
					</itemlayout>
					<focusedlayout height="60" width="1140">
						<control type="image">
							<width>1020</width>
							<height>60</height>
							<texture colordiffuse="$VAR[HighlightBarColor]" border="4">listselect_fo.png</texture>
							<visible>Control.HasFocus(50)</visible>
							<include>VisibleFadeAnimation</include>
						</control>
						<control type="image">
							<left>-15</left>
							<top>4</top>
							<width>105</width>
							<height>52</height>
							<aspectratio>keep</aspectratio>
							<texture background="true" fallback="DefaultVideo.png">$INFO[ListItem.Icon]</texture>
						</control>
						<control type="label">
							<left>90</left>
							<top>12</top>
							<width>900</width>
							<height>35</height>
							<font>font15</font>
							<label>$VAR[EpisodeCountVar,, - ]$INFO[ListItem.Label]</label>
							<animation effect="fade" start="100" end="70" time="300" tween="sine" easing="inout" condition="!Control.HasFocus(50)">Conditional</animation>
						</control>
						<control type="image">
							<left>946</left>
							<width>64</width>
							<height>64</height>
							<aspectratio>keep</aspectratio>
							<texture>$VAR[ListItem.Overlay]</texture>
						</control>
					</focusedlayout>
				</control>
			</control>
			
			<control type="group">
				<animation effect="rotatey" start="0" end="18" time="600" loop="false" center="1900,80" condition="!Skin.HasSetting(3DViews)">Conditional</animation>
				<control type="group">
					<visible>!ListItem.IsFolder</visible>
					<top>450</top>
					<left>1054</left>
					<control type="group">
						<top>-302</top>
						<control type="group">
							<top>20</top>
							<left>20</left>
							<width>325</width>
							<height>250</height>
							<control type="image">
								<aspectratio align="left" aligny="center">keep</aspectratio>
								<texture background="true" fallback="DefaultVideo.png">$INFO[Container(50).ListItem.Icon]</texture>
								<fadetime>IconCrossfadeTime</fadetime>
								<bordertexture border="20">thumbs/thumb_shadow.png</bordertexture>
								<bordersize>20</bordersize>
							</control>
						</control>
						<control type="label">
							<top>45</top>
							<left>340</left>
							<width>360</width>
							<height>62</height>
							<font>font24_title</font>
							<label>[COLOR $VAR[ThemeLabelColor]]$INFO[ListItem.ChannelName][/COLOR]</label>
						</control>
						<control type="label">
							<top>30</top>
							<width>360</width>
							<left>340</left>
							<height>262</height>
							<font>font12</font>
							<wrapmultiline>true</wrapmultiline>
							<label>$INFO[ListItem.Date][CR][CR]$INFO[ListItem.Duration(mins),, $LOCALIZE[12391]]</label>
						</control>
					</control>
				</control>
				<control type="group">
					<left>1090</left>
					<top>420</top>
					<control type="image">
						<left>-36</left>
						<top>-272</top>
						<width>780</width>
						<height>904</height>
						<texture colordiffuse="E6FFFFFF" border="40">listpanel_back.png</texture>
					</control>
					<control type="image">
						<left>-36</left>
						<top>-272</top>
						<width>780</width>
						<height>904</height>
						<texture colordiffuse="$VAR[ThemeLabelColor]" border="40">listpanel_back.png</texture>
						<visible>!Skin.HasSetting(Glow)</visible>
					</control>
					<control type="grouplist">
						<width>700</width>
						<height>400</height>
						<itemgap>20</itemgap>
						<control type="label">
							<width>700</width>
							<height>40</height>
							<font>font24_title</font>
							<label>[B][COLOR $VAR[ThemeLabelColor]]$INFO[Container(50).ListItem.Title][/COLOR][/B]</label>
						</control>
						<control type="label">
							<width>700</width>
							<height>34</height>
							<label>$INFO[Container(50).ListItem.PlotOutline]</label>
							<font>font12</font>
						</control>
						<control type="label">
							<width>700</width>
							<height>34</height>
							<textcolor>$VAR[ThemeLabelColor]</textcolor>
							<label>$INFO[Container(50).ListItem.Genre,$LOCALIZE[515]: [COLOR white],[/COLOR]]</label>
							<font>font12</font>
						</control>
					</control>
					<control type="textbox">
						<top>180</top>
						<width>700</width>
						<height>318</height>
						<align>justify</align>
						<font>font13</font>
						<autoscroll time="3000" delay="4000" repeat="5000">Skin.HasSetting(Enable.AutoScroll)</autoscroll>
						<label>$INFO[Container(50).ListItem.Plot]</label>
					</control>
				</control>
				<control type="group">
					<visible>ListItem.IsFolder</visible>
					<top>148</top>
					<left>1054</left>
					<control type="group">
						<top>40</top>
						<left>40</left>
						<visible>ListItem.IsFolder</visible>
						<control type="label">
							<width>740</width>
							<height>50</height>
							<label>$INFO[Container(5000).NumItems,$LOCALIZE[19076] (, $LOCALIZE[31025])]</label>
							<font>font16</font>
							<textcolor>$VAR[ThemeLabelColor]</textcolor>
						</control>
						<control type="group">
							<left>10</left>
							<top>60</top>
							<control type="panel" id="5000">
								<width>580</width>
								<height>362</height>
								<itemlayout height="40" width="560">
									<control type="label">
										<left>10</left>
										<height>50</height>
										<width>580</width>
										<label>[COLOR $VAR[ThemeLabelColor]]$INFO[ListItem.Duration(mins),, $LOCALIZE[12391]][/COLOR]  -  $INFO[ListItem.Label]</label>
										<font>font12</font>
									</control>
								</itemlayout>
								<focusedlayout height="40" width="560">
									<control type="label">
										<left>10</left>
										<height>50</height>
										<width>580</width>
										<label>[COLOR $VAR[ThemeLabelColor]]$INFO[ListItem.Duration(mins),, $LOCALIZE[12391]][/COLOR]  -  $INFO[ListItem.Label]</label>
										<font>font12</font>
									</control>
								</focusedlayout>
								<content>$INFO[ListItem.FolderPath]</content>
							</control>
						</control>
					</control>
				</control>
				<control type="group">
					<top>900</top>
					<left>1054</left>
					<control type="group">
						<left>40</left>
						<control type="label">
							<top>50</top>
							<width>700</width>
							<height>20</height>
							<align>center</align>
							<textcolor>$VAR[ThemeLabelColor]</textcolor>
							<label>$INFO[PVR.backenddiskspace]</label>
						</control>
						<control type="progress">
							<description>Disk Usage Bar</description>
							<top>90</top>
							<left>20</left>
							<width>660</width>
							<height>18</height>>
							<info>PVR.backenddiskspaceprogr</info>
							<midtexture colordiffuse="$VAR[ThemeLabelColor]">new_pvr/texturebg_white.png</midtexture>
							<texturebg colordiffuse="$VAR[ThemeLabelColor]" border="3">new_pvr/texturebg_border_white.png</texturebg>
							<visible>!Integer.IsGreater(PVR.backenddiskspaceprogr,100)</visible>
						</control>
					</control>
				</control>
			</control>
			
		</control>
		<include condition="!Skin.HasSetting(Disable.ScrollLabel)">ScrollOffsetLabel</include>
		<control type="image">
			<width>100%</width>
			<height>1080</height>
			<texture>black-back.png</texture>
			<animation effect="fade" time="400">Visible</animation>
			<animation effect="fade" time="200">Hidden</animation>
			<visible>Window.IsActive(FileBrowser) | Window.IsActive(PVRGuideInfo) | Window.IsActive(PVRRecordingInfo) | Window.IsActive(PVRTimerSetting) | Window.IsActive(PVRGroupManager) | Window.IsActive(PVRGuideSearch)</visible>
		</control>
		<include>Topbar</include>
		<include>PVRMediaMenu</include>
	</controls>
</window>