<?xml version="1.0" encoding="UTF-8"?>
<window>
	<defaultcontrol>3</defaultcontrol>
	<onload condition="!System.HasAddon(script.skinshortcuts)">SetProperty(MissingDependency,True,Home)</onload>
	<onload condition="!System.HasAddon(script.skinshortcuts)">ActivateWindow(1126)</onload>
	<onload>SetProperty(Window.HasSettings,True,Home)</onload>
	<onload>ClearProperty(MediaMenu,Home)</onload>
	<onunload>ClearProperty(MediaMenu,Home)</onunload>
	<onunload>ClearProperty(Window.HasSettings,Home)</onunload>
	<controls>
		<include>CommonBackground</include>
		<control type="group">
			<top>50</top>
			<include>WindowOpenCloseAnimation</include>
			<control type="group">
				<include>SystemLeftPanel</include>
				<control type="grouplist" id="3">
					<left>94</left>
					<top>32</top>
					<width>512</width>
					<height>729</height>
					<onleft>61</onleft>
					<onright>5</onright>
					<onup>3</onup>
					<ondown>1111</ondown>
					<pagecontrol>61</pagecontrol>
				</control>
				<control type="radiobutton" id="1111">
					<left>94</left>
					<top>759</top>
					<height>81</height>
					<width>512</width>
					<align>right</align>
					<textoffsetx>15</textoffsetx>
					<font>font15_title</font>
					<label>$INFO[Control.GetLabel(20)]</label>
					<onclick>SettingsLevelChange</onclick>
					<texturefocus colordiffuse="$VAR[HighlightBarColor]" border="3">listselect_fo.png</texturefocus>
					<texturenofocus />
					<radioposx>15</radioposx>
					<radiowidth>55</radiowidth>
					<radioheight>55</radioheight>
					<onleft>SetProperty(MediaMenu,True,Home)</onleft>
					<onleft>SetFocus(9050)</onleft>
					<onright>5</onright>
					<onup>3</onup>
					<ondown>3</ondown>
					<textureradioonfocus>settings.png</textureradioonfocus>
					<textureradioonnofocus>settings.png</textureradioonnofocus>
					<textureradioofffocus>settings.png</textureradioofffocus>
					<textureradiooffnofocus>settings.png</textureradiooffnofocus>
				</control>
				<control type="scrollbar" id="61">
					<left>65</left>
					<top>32</top>
					<width>14</width>
					<height>729</height>
					<onleft>SetProperty(MediaMenu,True,Home)</onleft>
					<onleft>SetFocus(9050)</onleft>
					<onright>3</onright>
					<ondown>61</ondown>
					<onup>61</onup>
					<showonepage>false</showonepage>
					<texturesliderbackground />
					<texturesliderbar colordiffuse="80FFFFFF" border="1">scrollbar/texturesliderbar2.png</texturesliderbar>
					<texturesliderbarfocus border="1">scrollbar/texturesliderbar2.png</texturesliderbarfocus>
				</control>
			</control>
			<control type="textbox" id="6">
				<top>906</top>
				<include>SettingsTextboxValues</include>
				<autoscroll time="3000" delay="4000" repeat="5000">true</autoscroll>
				<animation effect="fade" start="0" end="100" time="300" tween="sine" easing="inout">Visible</animation>
				<animation effect="fade" start="100" end="0" time="0" tween="sine" easing="inout">Hidden</animation>
				<visible>ControlGroup(5).HasFocus()</visible>
			</control>
			<control type="group">
				<include>SystemRightPanel</include>
				<control type="grouplist" id="5">
					<left>712</left>
					<top>32</top>
					<width>1134</width>
					<height>810</height>
					<pagecontrol>60</pagecontrol>
					<onleft>3</onleft>
					<onright>60</onright>
					<onup>5</onup>
					<ondown>5</ondown>
				</control>
				<control type="scrollbar" id="60">
					<left>1840</left>
					<top>32</top>
					<width>14</width>
					<height>810</height>
					<onleft>5</onleft>
					<onright>3</onright>
					<ondown>60</ondown>
					<onup>60</onup>
					<showonepage>false</showonepage>
					<texturesliderbackground />
					<texturesliderbar colordiffuse="80FFFFFF" border="1">scrollbar/texturesliderbar2.png</texturesliderbar>
					<texturesliderbarfocus border="1">scrollbar/texturesliderbar2.png</texturesliderbarfocus>
				</control>
			</control>
		</control>
		<control type="button" id="20">
			<description>Settings Level Change</description>
			<include>HiddenObject</include>
		</control>
		<control type="button" id="10">
			<description>Default Category Button</description>
			<height>81</height>
			<width>512</width>
			<font>font15</font>
			<texturefocus colordiffuse="$VAR[HighlightBarColor]" border="3">listselect_fo.png</texturefocus>
		</control>
		<control type="button" id="7">
			<description>Default Button</description>
			<width>1134</width>
			<height>81</height>
			<font>font15</font>
			<textoffsetx>30</textoffsetx>
			<texturefocus colordiffuse="$VAR[HighlightBarColor]" border="3">listselect_fo.png</texturefocus>
		</control>
		<control type="radiobutton" id="8">
			<description>Default RadioButton</description>
			<width>1134</width>
			<height>81</height>
			<font>font15</font>
			<textoffsetx>30</textoffsetx>
			<radioposx>1000</radioposx>
			<texturefocus colordiffuse="$VAR[HighlightBarColor]" border="3">listselect_fo.png</texturefocus>
		</control>
		<control type="spincontrolex" id="9">
			<description>Default SpinControlex</description>
			<width>1134</width>
			<height>81</height>
			<font>font15</font>
			<textcolor>grey</textcolor>
			<textoffsetx>30</textoffsetx>
			<focusedcolor>white</focusedcolor>
			<texturefocus colordiffuse="$VAR[HighlightBarColor]" border="3">listselect_fo.png</texturefocus>
			<reverse>true</reverse>
			<spinposx>10</spinposx>
		</control>
		<control type="sliderex" id="13">
			<description>Default Slider</description>
			<width>1134</width>
			<height>81</height>
			<font>font15</font>
			<textcolor>grey</textcolor>
			<textoffsetx>30</textoffsetx>
			<focusedcolor>white</focusedcolor>
			<texturefocus colordiffuse="$VAR[HighlightBarColor]" border="3">listselect_fo.png</texturefocus>
		</control>
		<control type="image" id="11">
			<top>-2</top>
			<width>1134</width>
			<height>1</height>
			<texture colordiffuse="$VAR[ThemeLabelColor]">new_pvr/osd_line_white.png</texture>
		</control>
		<control type="label" id="14">
			<description>Default Label</description>
			<width>1134</width>
			<height>81</height>
			<font>font15</font>
			<align>center</align>
			<textcolor>$VAR[ThemeLabelColor]</textcolor>
			<textoffsetx>30</textoffsetx>
		</control>
		<control type="label" id="2">
			<description>Fake Label to Pass Value Down</description>
			<width>0</width>
			<height>0</height>
			<font />
			<visible>false</visible>
		</control>
		<include>Topbar</include>
		<control type="group">
			<include>SideBladeLeft</include>
			<control type="grouplist" id="9050">
				<include>NoMediaMenu</include>
			</control>
			<include>MediaMenuPlayerControls</include>
		</control>
	</controls>
</window>