<?xml version="1.0" encoding="UTF-8"?>
<includes>
	<!-- Video FanartList -->
	<include name="VideoFanartList">
		<control type="group">
			<top>-76</top>
			<include>ViewAnimation</include>
			<visible>Control.IsVisible(602)</visible>
			<control type="group">
				<animation effect="rotatey" start="0" end="15" time="600" loop="false" center="1660,160" condition="!Skin.HasSetting(FanartList.3DView)">Conditional</animation>
				<left>24</left>
				<top>0</top>
				<control type="group">
					<left>1150</left>
					<top>136</top>
					<control type="group">
						<left>-32</left>
						<top>20</top>
						<width>762</width>
						<height>830</height>
						<control type="image">
							<texture colordiffuse="E6FFFFFF" border="40">listpanel_back.png</texture>
						</control>
						<control type="image">
							<texture colordiffuse="$VAR[ThemeLabelColor]" border="40">listpanel_back_glow.png</texture>
							<visible>!Skin.HasSetting(Glow)</visible>
						</control>
					</control>
					<control type="textbox" id="70">
						<label>[COLOR $VAR[ThemeLabelColor]]$INFO[ListItem.Tagline,, - ][/COLOR]$VAR[VideoPlotVar]</label>
						<left>13</left>
						<top>455</top>
						<width>660</width>
						<height>250</height>
						<font>font14_textbox</font>
						<pagecontrol>60261</pagecontrol>
						<include>DefaultButtonsValues</include>
						<autoscroll time="3000" delay="4000" repeat="5000">Skin.HasSetting(Enable.AutoScroll) + !Control.HasFocus(60261)</autoscroll>
						<visible>!ListItem.IsCollection</visible>
					</control>
					<control type="scrollbar" id="60261">
						<left>690</left>
						<top>455</top>
						<width>12</width>
						<height>250</height>
						<onleft>60260</onleft>
						<onright>4400</onright>
						<texturesliderbackground colordiffuse="1AFFFFFF">colors/white50.png</texturesliderbackground>
						<texturesliderbar colordiffuse="1AFFFFFF">colors/white.png</texturesliderbar>
						<texturesliderbarfocus colordiffuse="$VAR[ThemeLabelColor]">colors/white.png</texturesliderbarfocus>
						<showonepage>false</showonepage>
						<visible>!ListItem.IsCollection</visible>
					</control>
					<control type="textbox" id="71">
						<label>[COLOR $VAR[ThemeLabelColor]]$INFO[ListItem.Tagline,, - ][/COLOR]$VAR[VideoPlotVar]</label>
						<left>13</left>
						<top>455</top>
						<width>660</width>
						<height>350</height>
						<font>font14_textbox</font>
						<pagecontrol>60262</pagecontrol>
						<include>DefaultButtonsValues</include>
						<autoscroll time="3000" delay="4000" repeat="5000">Skin.HasSetting(Enable.AutoScroll) + !Control.HasFocus(60261)</autoscroll>
						<visible>ListItem.IsCollection</visible>
					</control>
					<control type="scrollbar" id="60262">
						<left>690</left>
						<top>456</top>
						<width>12</width>
						<height>360</height>
						<onleft>60260</onleft>
						<onright>4400</onright>
						<texturesliderbackground colordiffuse="1AFFFFFF">colors/white50.png</texturesliderbackground>
						<texturesliderbar colordiffuse="1AFFFFFF">colors/white.png</texturesliderbar>
						<texturesliderbarfocus colordiffuse="$VAR[ThemeLabelColor]">colors/white.png</texturesliderbarfocus>
						<showonepage>false</showonepage>
						<visible>ListItem.IsCollection</visible>
					</control>
				</control>
				<control type="grouplist">
					<left>1160</left>
					<top>863</top>
					<width>1815</width>
					<height>90</height>
					<orientation>horizontal</orientation>
					<include>VisibleFadeAnimation</include>
					<visible>Container.Content(movies) | Container.Content(episodes)</visible>
					<control type="image">
						<width>168</width>
						<colordiffuse>grey2</colordiffuse>
						<include>MediaFlagValues</include>
						<texture>$VAR[MediaFlagsPathVar]/resolution/$INFO[ListItem.VideoResolution,,.png]</texture>
						<visible>!String.IsEmpty(ListItem.VideoResolution)</visible>
					</control>
					<control type="image">
						<width>168</width>
						<colordiffuse>grey2</colordiffuse>
						<include>MediaFlagValues</include>
						<texture>$VAR[MediaFlagsPathVar]/videocodec/$VAR[SourceFlagVar]</texture>
						<visible>!String.IsEmpty(ListItem.VideoCodec)</visible>
					</control>
					<control type="image">
						<width>168</width>
						<colordiffuse>grey2</colordiffuse>
						<include>MediaFlagValues</include>
						<texture>$VAR[MediaFlagsPathVar]/audiocodec/$VAR[AudioCodecFlagVar]</texture>
						<visible>!String.IsEmpty(ListItem.AudioCodec)</visible>
					</control>
					<control type="image">
						<width>168</width>
						<colordiffuse>grey2</colordiffuse>
						<include>MediaFlagValues</include>
						<texture>$VAR[MediaFlagsPathVar]/audiochannels/$INFO[ListItem.AudioChannels,,.png]</texture>
						<visible>!String.IsEmpty(ListItem.AudioChannels)</visible>
					</control>
				</control>
				<control type="group">
					<left>1180</left>
					<top>863</top>
					<width>1815</width>
					<height>90</height>
					<include>VisibleFadeAnimation</include>
					<visible>Container.Content(tvshows) | Container.Content(seasons)</visible>
					<control type="group">
						<top>-5</top>
						<width>175</width>
						<visible>!String.IsEmpty(ListItem.Property(TotalSeasons))</visible>
						<control type="label">
							<width>165</width>
							<height>60</height>
							<align>center</align>
							<label>[B]$INFO[ListItem.Property(TotalSeasons)][/B]</label>
							<font>font48</font>
							<wrapmultiline>true</wrapmultiline>
							<textcolor>grey</textcolor>
						</control>
						<control type="label">
							<top>52</top>
							<width>165</width>
							<height>30</height>
							<align>center</align>
							<label>[LOWERCASE]$VAR[OneOrMoreSeasonsVar][/LOWERCASE]</label>
							<font>font12</font>
							<textcolor>grey</textcolor>
						</control>
					</control>
					<control type="group">
						<visible>!String.IsEmpty(ListItem.Property(TotalEpisodes))</visible>
						<width>175</width>
						<left>165</left>
						<top>-5</top>
						<control type="label">
							<width>165</width>
							<height>60</height>
							<align>center</align>
							<label>[B]$INFO[ListItem.Property(TotalEpisodes)][/B]</label>
							<font>font48</font>
							<wrapmultiline>true</wrapmultiline>
							<textcolor>grey</textcolor>
						</control>
						<control type="label">
							<width>165</width>
							<top>52</top>
							<height>30</height>
							<align>center</align>
							<label>[LOWERCASE]$VAR[OneOrMoreEpisodesVar][/LOWERCASE]</label>
							<font>font12</font>
							<textcolor>grey</textcolor>
						</control>
					</control>
					<control type="group">
						<visible>!String.IsEmpty(ListItem.Property(UnWatchedEpisodes))</visible>
						<top>-5</top>
						<left>330</left>
						<width>175</width>
						<control type="label">
							<width>165</width>
							<top>2</top>
							<height>60</height>
							<align>center</align>
							<label>[B]$INFO[ListItem.Property(UnWatchedEpisodes)][/B]</label>
							<font>font48</font>
							<wrapmultiline>true</wrapmultiline>
							<textcolor>$VAR[UnWatchedEpColor]</textcolor>
						</control>
						<control type="label">
							<width>165</width>
							<top>52</top>
							<height>30</height>
							<align>center</align>
							<label>[LOWERCASE]$LOCALIZE[16101][/LOWERCASE]</label>
							<font>font12</font>
							<textcolor>$VAR[UnWatchedEpColor]</textcolor>
						</control>
					</control>
					<control type="image">
						<left>495</left>
						<include>MediaFlagValues</include>
						<texture fallback="flags/default/mpaa/NR.png">$VAR[MediaFlagsPathVar]/mpaa/$VAR[RatingFlagVar]</texture>
						<visible>!ListItem.IsParentFolder</visible>
					</control>
				</control>
				<control type="group">
					<left>1146</left>
					<top>188</top>
					<control type="group">
						<left>6</left>
						<width>693</width>
						<height>390</height>
						<control type="image">
							<aspectratio>scale</aspectratio>
							<texture background="true">$VAR[GlobalBackgroundVar]</texture>
							<fadetime>400</fadetime>
							<visible>!Container.Content(episodes)</visible>
						</control>
						<control type="image">
							<aspectratio>scale</aspectratio>
							<texture background="true">$VAR[NoSpoilerIconVar]</texture>
							<fadetime>400</fadetime>
							<visible>Container.Content(episodes)</visible>
						</control>
						<control type="image">
							<aspectratio>scale</aspectratio>
							<texture>homewidgets\cases\glass\landscape.png</texture>
							<fadetime>400</fadetime>
							<visible>!Skin.HasSetting(Enable.FanartList.Covers)</visible>
						</control>
					</control>
					<control type="image">
						<top>302</top>
						<width>689</width>
						<height>90</height>
						<texture border="1">separator5.png</texture>
					</control>
				</control>
			</control>
			<control type="group">
				<animation effect="rotatey" start="0" end="-12" time="600" loop="false" center="0,20" condition="!Skin.HasSetting(FanartList.3DView)">Conditional</animation>
				<left>50</left>
				<top>60</top>
				<control type="group">
					<left>-32</left>
					<top>60</top>
					<width>1130</width>
					<height>904</height>
					<control type="image">
						<texture colordiffuse="E6FFFFFF" border="40">listpanel_horz.png</texture>
					</control>
					<control type="image">
						<texture colordiffuse="$VAR[ThemeLabelColor]" border="40">listpanel_horz_glow.png</texture>
						<visible>!Skin.HasSetting(Glow)</visible>
					</control>
				</control>
				<control type="list" id="602">
					<top>92</top>
					<width>1056</width>
					<height>840</height>
					<onleft>SetProperty(MediaMenu,True,Home)</onleft>
					<onleft>SetFocus(9050)</onleft>
					<onright condition="Control.IsVisible(60260)">60260</onright>
					<onright condition="!Control.IsVisible(60260) + Control.IsVisible(60261)">60261</onright>
					<onright condition="!Control.IsVisible(60260) + Control.IsVisible(60262)">60262</onright>
					<onright condition="!Control.IsVisible(60260) + !Control.IsVisible(60261) + !Control.IsVisible(60262)">4400</onright>
					<onup>602</onup>
					<ondown>602</ondown>
					<viewtype label="$LOCALIZE[31240]">list</viewtype>
					<pagecontrol>60260</pagecontrol>
					<preloaditems>2</preloaditems>
					<visible>Container.Content(movies) | Container.Content(sets) | Container.Content(tvshows) | Container.Content(seasons) | Container.Content(episodes)</visible>
					<scrolltime tween="quadratic" easing="out">200</scrolltime>
					<itemlayout height="70" width="1056" condition="Container.Content(movies)">
						<control type="label">
							<left>15</left>
							<width>90</width>
							<height>68</height>
							<font>font15</font>
							<textcolor>$VAR[ThemeLabelColor]</textcolor>
							<label fallback="• • • •">$INFO[ListItem.Year]</label>
							<visible>!ListItem.IsParentFolder + !ListItem.IsCollection</visible>
						</control>
						<control type="image">
							<top>-18</top>
							<width>105</width>
							<height>105</height>
							<aspectratio>keep</aspectratio>
							<texture>overlays/showcase/set.png</texture>
							<colordiffuse>grey</colordiffuse>
							<visible>ListItem.IsCollection</visible>
						</control>
						<control type="label">
							<left>110</left>
							<width>730</width>
							<height>68</height>
							<font>font15</font>
							<textcolor>grey2</textcolor>
							<label>$INFO[ListItem.Label]</label>
						</control>
						<control type="image">
							<left>880</left>
							<top>22</top>
							<width>42</width>
							<height>28</height>
							<aspectratio>keep</aspectratio>
							<texture>$VAR[UnFocusHDIndicator]</texture>
							<visible>Skin.HasSetting(noindicatorfanartlist) + !Skin.HasSetting(Enable.HideRatings)</visible>
							<colordiffuse>grey2</colordiffuse>
						</control>
						<control type="label">
							<left>365</left>
							<width>620</width>
							<height>68</height>
							<font>font15</font>
							<align>right</align>
							<textcolor>grey2</textcolor>
							<label>$INFO[ListItem.Rating]</label>
							<visible>!Skin.HasSetting(Enable.HideRatings) + !ListItem.IsCollection</visible>
						</control>
						<control type="image">
							<left>940</left>
							<top>22</top>
							<width>42</width>
							<height>28</height>
							<aspectratio>keep</aspectratio>
							<texture>$VAR[UnFocusHDIndicator]</texture>
							<visible>Skin.HasSetting(noindicatorfanartlist) + Skin.HasSetting(Enable.HideRatings)</visible>
							<colordiffuse>grey2</colordiffuse>
						</control>
						<control type="image">
							<left>992</left>
							<top>3</top>
							<width>64</width>
							<height>64</height>
							<aspectratio>keep</aspectratio>
							<texture colordiffuse="$VAR[ThemeLabelColor]">$VAR[ListItem.Overlay]</texture>
						</control>
					</itemlayout>
					<focusedlayout height="70" width="1056" condition="Container.Content(movies)">
						<control type="image">
							<width>1056</width>
							<height>70</height>
							<texture colordiffuse="$VAR[HighlightBarColor]" border="4">listselect_fo.png</texture>
							<visible>Control.HasFocus(602)</visible>
							<include>VisibleFadeAnimation</include>
						</control>
						<control type="label">
							<left>15</left>
							<width>90</width>
							<height>68</height>
							<font>font15</font>
							<label fallback="• • • •">$INFO[ListItem.Year]</label>
							<animation effect="fade" start="100" end="70" time="300" tween="sine" easing="inout" condition="!Control.HasFocus(602)">Conditional</animation>
							<visible>!ListItem.IsParentFolder + !ListItem.IsCollection</visible>
						</control>
						<control type="image">
							<top>-18</top>
							<width>105</width>
							<height>105</height>
							<aspectratio>keep</aspectratio>
							<texture>$VAR[StudioIconVar]</texture>
							<visible>ListItem.IsCollection</visible>
						</control>
						<control type="label">
							<left>110</left>
							<width>730</width>
							<height>68</height>
							<font>font15</font>
							<label>$INFO[ListItem.Label]</label>
							<animation effect="fade" start="100" end="70" time="300" tween="sine" easing="inout" condition="!Control.HasFocus(602)">Conditional</animation>
						</control>
						<control type="image">
							<left>880</left>
							<top>22</top>
							<width>42</width>
							<height>28</height>
							<aspectratio>keep</aspectratio>
							<texture>$VAR[UnFocusHDIndicator]</texture>
							<visible>Skin.HasSetting(noindicatorfanartlist) + !Skin.HasSetting(Enable.HideRatings)</visible>
							<animation effect="fade" start="100" end="60" time="300" tween="sine" easing="inout" condition="!Control.HasFocus(602)">Conditional</animation>
						</control>
						<control type="label">
							<left>365</left>
							<width>620</width>
							<height>68</height>
							<font>font15</font>
							<align>right</align>
							<label>$INFO[ListItem.Rating]</label>
							<visible>!Skin.HasSetting(Enable.HideRatings) + !ListItem.IsCollection</visible>
							<animation effect="fade" start="100" end="70" time="300" tween="sine" easing="inout" condition="!Control.HasFocus(602)">Conditional</animation>
						</control>
						<control type="image">
							<left>940</left>
							<top>22</top>
							<width>42</width>
							<height>28</height>
							<aspectratio>keep</aspectratio>
							<texture>$VAR[UnFocusHDIndicator]</texture>
							<visible>Skin.HasSetting(noindicatorfanartlist) + Skin.HasSetting(Enable.HideRatings)</visible>
							<animation effect="fade" start="100" end="60" time="300" tween="sine" easing="inout" condition="!Control.HasFocus(602)">Conditional</animation>
						</control>
						<control type="image">
							<left>992</left>
							<top>3</top>
							<width>64</width>
							<height>64</height>
							<aspectratio>keep</aspectratio>
							<texture colordiffuse="$VAR[ThemeLabelColor]">$VAR[ListItem.Overlay]</texture>
						</control>
					</focusedlayout>
					<itemlayout height="70" width="1056" condition="Container.Content(sets)">
						<control type="label">
							<left>15</left>
							<width>980</width>
							<height>68</height>
							<font>font15</font>
							<textcolor>grey2</textcolor>
							<label>$INFO[ListItem.Label]</label>
						</control>
						<control type="image">
							<left>992</left>
							<top>3</top>
							<width>64</width>
							<height>64</height>
							<aspectratio>keep</aspectratio>
							<texture colordiffuse="$VAR[ThemeLabelColor]">$VAR[ListItem.Overlay]</texture>
						</control>
					</itemlayout>
					<focusedlayout height="70" width="1056" condition="Container.Content(sets)">
						<control type="image">
							<width>1056</width>
							<height>70</height>
							<texture colordiffuse="$VAR[HighlightBarColor]" border="4">listselect_fo.png</texture>
							<visible>Control.HasFocus(602)</visible>
							<include>VisibleFadeAnimation</include>
						</control>
						<control type="label">
							<left>15</left>
							<width>980</width>
							<height>68</height>
							<font>font15</font>
							<label>$INFO[ListItem.Label]</label>
							<animation effect="fade" start="100" end="70" time="300" tween="sine" easing="inout" condition="!Control.HasFocus(602)">Conditional</animation>
						</control>
						<control type="image">
							<left>992</left>
							<top>3</top>
							<width>64</width>
							<height>64</height>
							<aspectratio>keep</aspectratio>
							<texture colordiffuse="$VAR[ThemeLabelColor]">$VAR[ListItem.Overlay]</texture>
						</control>
					</focusedlayout>
					<itemlayout height="70" width="1056" condition="Container.Content(tvshows)">
						<control type="label">
							<left>15</left>
							<width>90</width>
							<height>68</height>
							<font>font15</font>
							<textcolor>$VAR[ThemeLabelColor]</textcolor>
							<label fallback="• • • •">$INFO[ListItem.Year]</label>
							<visible>!ListItem.IsParentFolder</visible>
						</control>
						<control type="label">
							<left>110</left>
							<width>665</width>
							<height>68</height>
							<font>font15</font>
							<textcolor>grey2</textcolor>
							<label>$INFO[ListItem.Label]</label>
						</control>
						<control type="label">
							<left>365</left>
							<width>620</width>
							<height>68</height>
							<font>font15</font>
							<align>right</align>
							<textcolor>grey2</textcolor>
							<label>$INFO[ListItem.Rating]</label>
							<visible>!Skin.HasSetting(Enable.HideRatings)</visible>
						</control>
						<control type="image">
							<left>992</left>
							<top>3</top>
							<width>64</width>
							<height>64</height>
							<aspectratio>keep</aspectratio>
							<texture colordiffuse="$VAR[ThemeLabelColor]">$VAR[ListItem.Overlay]</texture>
						</control>
						<control type="group">
							<left>941</left>
							<control type="image">
								<top>3</top>
								<width>64</width>
								<height>64</height>
								<texture>overlays/list/OverlayUnWatched.png</texture>
								<visible>Integer.IsGreater(ListItem.Property(UnWatchedEpisodes),0) + String.IsEmpty(ListItem.Overlay)</visible>
							</control>
							<control type="label">
								<left>32</left>
								<width>100</width>
								<height>68</height>
								<font>font12_title</font>
								<align>center</align>
								<label>$VAR[ListOverlayEpisodesVar]</label>
								<textcolor>grey3</textcolor>
								<textoffsetx>18</textoffsetx>
								<visible>Integer.IsGreater(ListItem.Property(UnWatchedEpisodes),0)</visible>
							</control>
							<control type="label">
								<left>32</left>
								<width>100</width>
								<height>68</height>
								<font>font12_title</font>
								<label />
								<textcolor>grey3</textcolor>
								<textoffsetx>18</textoffsetx>
								<visible>Integer.IsGreater(ListItem.Property(UnWatchedEpisodes),99)</visible>
							</control>
						</control>
					</itemlayout>
					<focusedlayout height="70" width="1056" condition="Container.Content(tvshows)">
						<control type="image">
							<width>1056</width>
							<height>70</height>
							<texture colordiffuse="$VAR[HighlightBarColor]" border="4">listselect_fo.png</texture>
							<visible>Control.HasFocus(602)</visible>
							<include>VisibleFadeAnimation</include>
						</control>
						<control type="label">
							<left>15</left>
							<width>90</width>
							<height>68</height>
							<font>font15</font>
							<label fallback="• • • •">$INFO[ListItem.Year]</label>
							<animation effect="fade" start="100" end="70" time="300" tween="sine" easing="inout" condition="!Control.HasFocus(602)">Conditional</animation>
							<visible>!ListItem.IsParentFolder</visible>
						</control>
						<control type="label">
							<left>110</left>
							<width>565</width>
							<height>68</height>
							<font>font15</font>
							<label>$INFO[ListItem.Label]</label>
							<animation effect="fade" start="100" end="70" time="300" tween="sine" easing="inout" condition="!Control.HasFocus(602)">Conditional</animation>
						</control>
						<control type="label">
							<left>365</left>
							<width>620</width>
							<height>68</height>
							<font>font15</font>
							<align>right</align>
							<label>$INFO[ListItem.Rating]</label>
							<animation effect="fade" start="100" end="70" time="300" tween="sine" easing="inout" condition="!Control.HasFocus(602)">Conditional</animation>
							<visible>!Skin.HasSetting(Enable.HideRatings)</visible>
						</control>
						<control type="image">
							<left>992</left>
							<top>3</top>
							<width>64</width>
							<height>64</height>
							<aspectratio>keep</aspectratio>
							<texture colordiffuse="$VAR[ThemeLabelColor]">$VAR[ListItem.Overlay]</texture>
						</control>
						<control type="group">
							<left>941</left>
							<control type="image">
								<top>3</top>
								<width>64</width>
								<height>64</height>
								<texture>overlays/list/OverlayUnWatched.png</texture>
								<visible>Integer.IsGreater(ListItem.Property(UnWatchedEpisodes),0) + String.IsEmpty(ListItem.Overlay)</visible>
							</control>
							<control type="label">
								<left>32</left>
								<width>100</width>
								<height>68</height>
								<font>font12_title</font>
								<align>center</align>
								<label>$VAR[ListOverlayEpisodesVar]</label>
								<textoffsetx>18</textoffsetx>
								<visible>Integer.IsGreater(ListItem.Property(UnWatchedEpisodes),0)</visible>
							</control>
							<control type="label">
								<left>32</left>
								<width>100</width>
								<height>68</height>
								<font>font12_title</font>
								<label />
								<textcolor>grey3</textcolor>
								<textoffsetx>18</textoffsetx>
								<visible>Integer.IsGreater(ListItem.Property(UnWatchedEpisodes),99)</visible>
							</control>
						</control>
					</focusedlayout>
					<itemlayout height="70" width="1056" condition="Container.Content(episodes)">
						<control type="label">
							<width>850</width>
							<height>68</height>
							<font>font15</font>
							<textcolor>grey2</textcolor>
							<label>$INFO[ListItem.Label]</label>
							<textoffsetx>15</textoffsetx>
						</control>
						<control type="image">
							<left>880</left>
							<top>22</top>
							<width>42</width>
							<height>28</height>
							<aspectratio>keep</aspectratio>
							<texture>$VAR[UnFocusHDIndicator]</texture>
							<visible>Skin.HasSetting(noindicatorfanartlist)</visible>
							<colordiffuse>grey2</colordiffuse>
						</control>
						<control type="label">
							<left>165</left>
							<width>820</width>
							<height>68</height>
							<font>font15</font>
							<align>right</align>
							<textcolor>grey2</textcolor>
							<label>$INFO[ListItem.Rating]</label>
							<visible>!Skin.HasSetting(Enable.HideRatings)</visible>
						</control>
						<control type="image">
							<left>992</left>
							<top>3</top>
							<width>64</width>
							<height>64</height>
							<aspectratio>keep</aspectratio>
							<texture colordiffuse="$VAR[ThemeLabelColor]">$VAR[ListItem.Overlay]</texture>
						</control>
					</itemlayout>
					<focusedlayout height="70" width="1056" condition="Container.Content(episodes)">
						<control type="image">
							<width>1056</width>
							<height>70</height>
							<texture colordiffuse="$VAR[HighlightBarColor]" border="4">listselect_fo.png</texture>
							<visible>Control.HasFocus(602)</visible>
							<include>VisibleFadeAnimation</include>
						</control>
						<control type="label">
							<width>850</width>
							<height>68</height>
							<font>font15</font>
							<label>$INFO[ListItem.Label]</label>
							<textoffsetx>15</textoffsetx>
							<animation effect="fade" start="100" end="70" time="300" tween="sine" easing="inout" condition="!Control.HasFocus(602)">Conditional</animation>
						</control>
						<control type="image">
							<left>880</left>
							<top>22</top>
							<width>42</width>
							<height>28</height>
							<aspectratio>keep</aspectratio>
							<texture>$VAR[UnFocusHDIndicator]</texture>
							<visible>Skin.HasSetting(noindicatorfanartlist)</visible>
							<animation effect="fade" start="100" end="60" time="300" tween="sine" easing="inout" condition="!Control.HasFocus(602)">Conditional</animation>
						</control>
						<control type="label">
							<left>165</left>
							<width>820</width>
							<height>68</height>
							<font>font15</font>
							<align>right</align>
							<label>$INFO[ListItem.Rating]</label>
							<animation effect="fade" start="100" end="70" time="300" tween="sine" easing="inout" condition="!Control.HasFocus(602)">Conditional</animation>
							<visible>!Skin.HasSetting(Enable.HideRatings)</visible>
						</control>
						<control type="image">
							<left>992</left>
							<top>3</top>
							<width>64</width>
							<height>64</height>
							<aspectratio>keep</aspectratio>
							<texture colordiffuse="$VAR[ThemeLabelColor]">$VAR[ListItem.Overlay]</texture>
						</control>
					</focusedlayout>
					<itemlayout height="70" width="1056" condition="Container.Content(seasons)">
						<control type="label">
							<left>15</left>
							<width>600</width>
							<height>68</height>
							<font>font15</font>
							<textcolor>grey2</textcolor>
							<label>$INFO[ListItem.Label]</label>
						</control>
						<control type="label">
							<left>350</left>
							<width>620</width>
							<height>68</height>
							<font>font15</font>
							<align>right</align>
							<textcolor>grey2</textcolor>
							<label>$INFO[ListItem.Property(TotalEpisodes),, $LOCALIZE[20453]]</label>
						</control>
						<control type="image">
							<left>992</left>
							<top>3</top>
							<width>64</width>
							<height>64</height>
							<aspectratio>keep</aspectratio>
							<texture colordiffuse="$VAR[ThemeLabelColor]">$VAR[ListItem.Overlay]</texture>
						</control>
						<control type="group">
							<left>941</left>
							<control type="image">
								<top>3</top>
								<width>64</width>
								<height>64</height>
								<texture>overlays/list/OverlayUnWatched.png</texture>
								<visible>Integer.IsGreater(ListItem.Property(UnWatchedEpisodes),0) + String.IsEmpty(ListItem.Overlay)</visible>
							</control>
							<control type="label">
								<left>32</left>
								<width>100</width>
								<height>68</height>
								<font>font12_title</font>
								<align>center</align>
								<label>$VAR[ListOverlayEpisodesVar]</label>
								<textcolor>grey3</textcolor>
								<textoffsetx>18</textoffsetx>
								<visible>Integer.IsGreater(ListItem.Property(UnWatchedEpisodes),0)</visible>
							</control>
							<control type="label">
								<left>32</left>
								<width>100</width>
								<height>68</height>
								<font>font12_title</font>
								<label />
								<textcolor>grey3</textcolor>
								<textoffsetx>18</textoffsetx>
								<visible>Integer.IsGreater(ListItem.Property(UnWatchedEpisodes),99)</visible>
							</control>
						</control>
					</itemlayout>
					<focusedlayout height="70" width="1056" condition="Container.Content(seasons)">
						<control type="image">
							<width>1056</width>
							<height>70</height>
							<texture colordiffuse="$VAR[HighlightBarColor]" border="4">listselect_fo.png</texture>
							<visible>Control.HasFocus(602)</visible>
							<include>VisibleFadeAnimation</include>
						</control>
						<control type="label">
							<left>15</left>
							<width>600</width>
							<height>68</height>
							<font>font15</font>
							<label>$INFO[ListItem.Label]</label>
							<animation effect="fade" start="100" end="70" time="300" tween="sine" easing="inout" condition="!Control.HasFocus(602)">Conditional</animation>
						</control>
						<control type="label">
							<left>350</left>
							<width>620</width>
							<height>68</height>
							<font>font15</font>
							<align>right</align>
							<label>$INFO[ListItem.Property(TotalEpisodes),, $LOCALIZE[20453]]</label>
							<animation effect="fade" start="100" end="70" time="300" tween="sine" easing="inout" condition="!Control.HasFocus(602)">Conditional</animation>
						</control>
						<control type="image">
							<left>992</left>
							<top>3</top>
							<width>64</width>
							<height>64</height>
							<aspectratio>keep</aspectratio>
							<texture colordiffuse="$VAR[ThemeLabelColor]">$VAR[ListItem.Overlay]</texture>
						</control>
						<control type="group">
							<left>992</left>
							<control type="image">
								<top>3</top>
								<width>64</width>
								<height>64</height>
								<texture>overlays/list/OverlayUnWatched.png</texture>
								<visible>Integer.IsGreater(ListItem.Property(UnWatchedEpisodes),0) + String.IsEmpty(ListItem.Overlay)</visible>
							</control>
							<control type="label">
								<left>-19</left>
								<width>100</width>
								<height>68</height>
								<font>font12_title</font>
								<align>center</align>
								<label>$VAR[ListOverlayEpisodesVar]</label>
								<textoffsetx>18</textoffsetx>
								<visible>Integer.IsGreater(ListItem.Property(UnWatchedEpisodes),0)</visible>
							</control>
							<control type="label">
								<left>32</left>
								<width>100</width>
								<height>68</height>
								<font>font12_title</font>
								<label />
								<textoffsetx>18</textoffsetx>
								<visible>Integer.IsGreater(ListItem.Property(UnWatchedEpisodes),99)</visible>
							</control>
						</control>
					</focusedlayout>
				</control>
				<control type="scrollbar" id="60260">
					<left>1058</left>
					<top>92</top>
					<width>12</width>
					<height>840</height>
					<onup>60260</onup>
					<ondown>60260</ondown>
					<onleft>50</onleft>
					<onright condition="Control.IsVisible(60261)">60261</onright>
					<onright condition="Control.IsVisible(60262)">60262</onright>
					<onright condition="!Control.IsVisible(60261)">4400</onright>
					<texturesliderbackground colordiffuse="1AFFFFFF">colors/white50.png</texturesliderbackground>
					<texturesliderbar colordiffuse="1AFFFFFF">colors/white.png</texturesliderbar>
					<texturesliderbarfocus colordiffuse="$VAR[ThemeLabelColor]">colors/white.png</texturesliderbarfocus>
					<showonepage>false</showonepage>
				</control>
			</control>
		</control>
	</include>
</includes>