<?xml version="1.0" encoding="UTF-8"?>
<includes>
	<include name="ShiftPosterThumbs">
		<control type="group">
			<left>-12</left>
			<top>150</top>
			<width>340</width>
			<height>470</height>
			<control type="image">
				<texture background="true">$VAR[PosterThumbVar]</texture>
			</control>
			<control type="image">
				<texture background="true">homewidgets\cases\glass\portrait.png</texture>
				<visible>!Skin.HasSetting(Enable.Shift.Covers)</visible>
			</control>
		</control>
		<control type="group">
			<animation effect="fade" start="100" end="30" time="400">Focus</animation>
			<animation effect="fade" start="30" end="100" time="400">UnFocus</animation>
			<top>614</top>
			<control type="image">
				<left>8</left>
				<width>300</width>
				<height>430</height>
				<texture background="true" flipy="true" diffuse="thumbs/thumb_diffuse.png">$VAR[PosterThumbVar]</texture>
			</control>
			<control type="image">
				<left>-45</left>
				<top>-20</top>
				<width>375</width>
				<height>450</height>
				<texture background="true" flipy="true" diffuse="thumbs/thumb_diffuse.png">homewidgets\cases\glass\portrait.png</texture>
				<visible>[Container.Content(movies) |Container.Content(tvshows) | Container.Content(seasons)] + !Skin.HasSetting(Enable.Shift.Covers)</visible>
			</control>
		</control>
		<control type="image">
			<left>259</left>
			<top>149</top>
			<width>80</width>
			<height>80</height>
			<texture>$VAR[OverlayVar]</texture>
			<aspectratio align="center" aligny="top">keep</aspectratio>
			<bordersize>1</bordersize>
			<visible>[!String.IsEmpty(Skin.String(57.Movies.DisableOverlay)) + Container.Content(movies)] | [!String.IsEmpty(Skin.String(57.Sets.DisableOverlay)) + Container.Content(sets)] | [!String.IsEmpty(Skin.String(57.TV.DisableOverlay)) + Container.Content(tvshows)] | [!String.IsEmpty(Skin.String(57.Seasons.DisableOverlay)) + Container.Content(seasons)]</visible>
		</control>
		<control type="group">
			<left>32</left>
			<top>170</top>
			<include condition="Skin.HasSetting(Disable.UnwatchedIcon)">UnwatchedIcon</include>
		</control>
	</include>
	<include name="ShiftPosterThumbsSmall">
		<control type="image">
			<left>120</left>
			<top>345</top>
			<width>200</width>
			<height>275</height>
			<texture background="true">$VAR[PosterThumbVar]</texture>
		</control>
		<control type="image">
			<left>140</left>
			<top>610</top>
			<width>160</width>
			<height>225</height>
			<texture background="true" flipy="true" diffuse="thumbs/thumb_diffuse.png">$VAR[PosterThumbVar]</texture>
			<animation effect="fade" start="100" end="30" time="200">Focus</animation>
			<animation effect="fade" start="30" end="100" time="200">UnFocus</animation>
		</control>
		<control type="image">
			<left>120</left>
			<top>345</top>
			<width>200</width>
			<height>275</height>
			<texture background="true">homewidgets\cases\glass\portrait.png</texture>
			<visible>[Container.Content(movies) |Container.Content(tvshows) | Container.Content(seasons)] + !Skin.HasSetting(Enable.Shift.Covers)</visible>
		</control>
		<control type="image">
			<left>277</left>
			<top>344</top>
			<width>50</width>
			<height>50</height>
			<texture>$VAR[OverlayVar]</texture>
			<aspectratio align="center" aligny="top">keep</aspectratio>
			<bordersize>1</bordersize>
			<visible>[!String.IsEmpty(Skin.String(57.Movies.DisableOverlay)) + Container.Content(movies)] | [!String.IsEmpty(Skin.String(57.Sets.DisableOverlay)) + Container.Content(sets)] | [!String.IsEmpty(Skin.String(57.TV.DisableOverlay)) + Container.Content(tvshows)] | [!String.IsEmpty(Skin.String(57.Seasons.DisableOverlay)) + Container.Content(seasons)]</visible>
		</control>
		<control type="group">
			<left>135</left>
			<top>368</top>
			<include condition="Skin.HasSetting(Disable.UnwatchedIcon)">UnwatchedIcon</include>
		</control>
	</include>
	<include name="ShiftSquareThumbs">
		<control type="image">
			<left>-12</left>
			<top>280</top>
			<width>340</width>
			<height>340</height>
			<aspectratio scalediffuse="false">scale</aspectratio>
			<texture background="true">$INFO[ListItem.Icon]</texture>
		</control>
		<control type="image">
			<left>-12</left>
			<top>280</top>
			<width>340</width>
			<height>340</height>
			<texture background="true">homewidgets\cases\glass\square.png</texture>
			<visible>!Skin.HasSetting(Enable.Shift.Covers)</visible>
		</control>
		<control type="image">
			<left>-12</left>
			<top>620</top>
			<width>338</width>
			<height>338</height>
			<aspectratio aligny="top" scalediffuse="false">scale</aspectratio>
			<texture background="true" flipy="true" diffuse="thumbs/thumb_diffuse.png">$INFO[ListItem.Icon]</texture>
			<animation effect="fade" start="100" end="30" time="400">Focus</animation>
			<animation effect="fade" start="30" end="100" time="400">UnFocus</animation>
		</control>
		<control type="image">
			<left>200</left>
			<top>149</top>
			<width>100</width>
			<height>100</height>
			<texture>$VAR[OverlayVar]</texture>
			<aspectratio align="center" aligny="top">keep</aspectratio>
			<bordersize>1</bordersize>
		</control>
	</include>
	<include name="ShiftThumbsSmall">
		<control type="group">
			<animation effect="zoom" center="230,500" start="100" end="140" time="200" tween="quadratic">Focus</animation>
			<animation effect="zoom" center="230,500" start="140" end="100" time="200" tween="quadratic">Unfocus</animation>
			<include>ShiftPosterThumbsSmall</include>
		</control>
	</include>
	<include name="PosterShift">
		<control type="group">
			<animation effect="rotatey" start="0" end="-15" time="600" loop="false" center="0,0" condition="!Skin.HasSetting(Shift.3DView)">Conditional</animation>
			<include>ViewAnimation</include>
			<visible>Control.IsVisible(57) + !Window.IsActive(addoninformation)</visible>
			<top>-36</top>
			<control type="fixedlist" id="57">
				<left>0</left>
				<top>220</top>
				<width>2620</width>
				<height>750</height>
				<onup condition="!ListItem.IsParentFolder">4401</onup>
				<onleft>57</onleft>
				<onright>57</onright>
				<ondown condition="Control.IsVisible(95760)">95760</ondown>
				<ondown condition="!Control.IsVisible(95760)">4400</ondown>
				<orientation>horizontal</orientation>
				<viewtype label="31079">BigWrap</viewtype>
				<pagecontrol>95760</pagecontrol>
				<preloaditems>2</preloaditems>
				<scrolltime tween="quadratic">400</scrolltime>
				<focusposition>1</focusposition>
				<visible>Container.Content(movies) | Container.Content(tvshows) | Container.Content(musicvideos) | Container.Content(seasons) | Container.Content(genres) | Container.Content(sets) | Container.Content(addons)</visible>
				<itemlayout width="360" height="750" condition="!Skin.HasSetting(Enable.Shift.Small) + !Container.Content(addons)">
					<include>ShiftPosterThumbs</include>
				</itemlayout>
				<focusedlayout width="360" height="750" condition="!Skin.HasSetting(Enable.Shift.Small) + !Container.Content(addons)">
					<control type="group">
						<animation effect="zoom" center="auto" start="100" end="130" time="300" delay="100" tween="quadratic" reversible="false">Focus</animation>
						<animation effect="zoom" center="auto" start="130" end="100" time="100" tween="quadratic" reversible="false">Unfocus</animation>
						<control type="image">
							<left>15</left>
							<top>100</top>
							<width>290</width>
							<height>290</height>
							<aspectratio aligny="bottom">keep</aspectratio>
							<texture background="true">$INFO[ListItem.Art(discart)]</texture>
							<animation effect="slide" delay="1000" start="0,80" end="0,-104" time="400" tween="quadratic">Focus</animation>
							<animation type="UnFocus" reversible="false">
								<effect type="slide" start="0,-120" end="0,50" time="200" tween="quadratic" />
							</animation>
							<animation effect="slide" end="0,40" time="0" tween="cubic" easing="inout" condition="Skin.HasSetting(Enable.Shift.Covers)">Conditional</animation>
							<animation type="Conditional" reversible="false" condition="!Container.OnNext + !Container.OnPrevious">
								<effect type="rotate" end="-360" center="auto" time="6400" delay="1200" loop="false" tween="cubic" easing="inout" />
							</animation>
							<visible>Skin.HasSetting(Enable.Shift.Discart)</visible>
						</control>
						<include>ShiftPosterThumbs</include>
					</control>
				</focusedlayout>
				<itemlayout width="220" height="500" condition="Skin.HasSetting(Enable.Shift.Small) + !Container.Content(addons)">
					<include>ShiftThumbsSmall</include>
				</itemlayout>
				<focusedlayout width="220" height="500" condition="Skin.HasSetting(Enable.Shift.Small) + !Container.Content(addons)">
					<control type="group">
						<animation effect="zoom" center="150,550" start="100" end="105" time="300" tween="quadratic" reversible="false">Focus</animation>
						<animation effect="zoom" center="150,550" start="105" end="100" time="300" tween="quadratic" reversible="false">Unfocus</animation>
						<include>ShiftThumbsSmall</include>
					</control>
				</focusedlayout>
				<itemlayout width="360" height="750" condition="Container.Content(addons)">
					<include>ShiftSquareThumbs</include>
				</itemlayout>
				<focusedlayout width="360" height="750" condition="Container.Content(addons)">
					<control type="group">
						<animation effect="zoom" center="150,450" start="100" end="130" time="400" tween="quadratic" reversible="false">Focus</animation>
						<animation effect="zoom" center="150,450" start="130" end="100" time="400" tween="quadratic" reversible="false">Unfocus</animation>
						<include>ShiftSquareThumbs</include>
					</control>
				</focusedlayout>
			</control>
		</control>
	</include>
	<include name="AlbumShift">
		<control type="group">
			<animation effect="rotatey" start="0" end="-15" time="600" loop="false" center="0,0" condition="!Skin.HasSetting(Shift.3DView)">Conditional</animation>
			<include>ViewAnimation</include>
			<visible>Control.IsVisible(57) + !Window.IsActive(addoninformation)</visible>
			<control type="fixedlist" id="57">
				<left>0</left>
				<top>220</top>
				<width>2620</width>
				<height>750</height>
				<onup>SetProperty(MediaMenu,True,Home)</onup>
				<onup>SetFocus(9050)</onup>
				<onleft>57</onleft>
				<onright>57</onright>
				<ondown>95760</ondown>
				<orientation>horizontal</orientation>
				<viewtype label="31079">BigWrap</viewtype>
				<pagecontrol>95760</pagecontrol>
				<scrolltime tween="quadratic">400</scrolltime>
				<focusposition>1</focusposition>
				<visible>Container.Content(addons) | Container.Content(songs) | Container.Content(artists) | Container.Content(albums) | Container.Content(genres) | [Window.IsActive(music) + Container.Content(files)]</visible>
				<itemlayout width="360" height="750">
					<include>ShiftSquareThumbs</include>
				</itemlayout>
				<focusedlayout width="360" height="750">
					<control type="group">
						<animation effect="zoom" center="150,450" start="100" end="130" time="400" tween="quadratic" reversible="false">Focus</animation>
						<animation effect="zoom" center="150,450" start="130" end="100" time="400" tween="quadratic" reversible="false">Unfocus</animation>
						<control type="image">
							<left>14</left>
							<top>300</top>
							<width>290</width>
							<height>290</height>
							<aspectratio>keep</aspectratio>
							<texture background="true">$VAR[ArtworkDiscVar]</texture>
							<animation effect="slide" delay="1600" end="0,-130" time="320" tween="quadratic" easing="out">Focus</animation>
							<animation effect="slide" start="0,-130" end="0" time="350" tween="quadratic" easing="in">Unfocus</animation>
							<visible>!String.IsEmpty(ListItem.Art(discart))</visible>
						</control>
						<include>ShiftSquareThumbs</include>
					</control>
				</focusedlayout>
			</control>
		</control>
	</include>
	<include name="GamesShift">
		<control type="group">
			<include>ViewAnimation</include>
			<visible>Control.IsVisible(57)</visible>
			<control type="fixedlist" id="57">
				<left>-130</left>
				<top>300</top>
				<width>2100</width>
				<height>750</height>
				<onup>SetProperty(MediaMenu,True,Home)</onup>
				<onup>SetFocus(9050)</onup>
				<onleft>57</onleft>
				<onright>57</onright>
				<ondown>95760</ondown>
				<orientation>horizontal</orientation>
				<viewtype label="31079">BigWrap</viewtype>
				<pagecontrol>95760</pagecontrol>
				<preloaditems>2</preloaditems>
				<scrolltime tween="quadratic">400</scrolltime>
				<focusposition>1</focusposition>
				<visible>String.Contains(Container.FolderPath,plugin.program.advanced.launcher)</visible>
				<itemlayout width="315" height="750" condition="!Skin.HasSetting(Enable.Shift.Small)">
					<include>ShiftPosterThumbs</include>
				</itemlayout>
				<focusedlayout width="315" height="750" condition="!Skin.HasSetting(Enable.Shift.Small)">
					<control type="group">
						<animation effect="zoom" center="auto" start="100" end="120" time="400" tween="quadratic" reversible="false">Focus</animation>
						<animation effect="zoom" center="auto" start="120" end="100" time="400" tween="quadratic" reversible="false">Unfocus</animation>
						<include>ShiftPosterThumbs</include>
					</control>
				</focusedlayout>
				<itemlayout width="185" height="500" condition="Skin.HasSetting(Enable.Shift.Small)">
					<include>ShiftThumbsSmall</include>
				</itemlayout>
				<focusedlayout width="185" height="500" condition="Skin.HasSetting(Enable.Shift.Small)">
					<include>ShiftThumbsSmall</include>
				</focusedlayout>
			</control>
		</control>
	</include>
</includes>