<?xml version="1.0" encoding="UTF-8" standalone="yes"?>
<addon id="repository.BoongoTVRepo" name="[COLOR blue]BoongoTV[/COLOR] [COLOR red]Repo[/COLOR]" version="1.0.5" provider-name="[COLOR red]ElectricalForce[/COLOR]">
	<extension point="xbmc.addon.repository" name="ZadarHRrepo">
		<dir>
			<info compressed="false">https://raw.githubusercontent.com/totalrevolution/python-koding/master/zips/addons.xml</info>
			<checksum>https://raw.githubusercontent.com/totalrevolution/python-koding/master/zips/addons.xml.md5</checksum>
			<datadir zip="true">https://raw.githubusercontent.com/totalrevolution/python-koding/master/zips/</datadir>
		</dir>
		<info compressed="false">https://raw.githubusercontent.com/ElectricalForceMK/BoongoTV/master/zips/addons.xml</info>
		<checksum>https://raw.githubusercontent.com/ElectricalForceMK/BoongoTV/master/zips/addons.xml.md5</checksum>
		<datadir zip="true">https://raw.githubusercontent.com/ElectricalForceMK/BoongoTV/master/zips/</datadir>
	</extension>
	<extension point="xbmc.addon.metadata">
		<summary lang="en">BoongoTVRepo by ElectricalForce</summary>
		<description lang="en">[COLOR gold]Ovo je BoongoTV Online TV by ElectricalForce[/COLOR]</description>
		<genre>all</genre>
		<assets>
			<icon>icon.png</icon>
			<fanart>fanart.jpg</fanart>
        </assets>
		<news>		
Uživajte

http://electricalforce.eu
</news>
	</extension>
</addon>